customer_id,churn_probability,risk_tier,annual_revenue
CUST-03262,0.5495638252767541,Medium Risk,613.4399999999999
CUST-04542,0.6338304486331767,Medium Risk,404.52
CUST-03330,0.4002834166986469,Medium Risk,677.52
CUST-03795,0.4164733472131021,Medium Risk,556.4399999999999
CUST-02969,0.4256182505638421,Medium Risk,834.36
CUST-01890,0.6334885924162406,Medium Risk,1063.92
CUST-00147,0.17590089450795682,Low Risk,536.4000000000001
CUST-04874,0.5137995439531854,Medium Risk,1255.1999999999998
CUST-03801,0.21349040157244686,Low Risk,956.04
CUST-01031,0.6252560629506196,Medium Risk,846.96
CUST-01668,0.7670079754891473,High Risk,864.0
CUST-02958,0.7620815643506855,High Risk,943.56
CUST-03479,0.1620654229997866,Low Risk,486.59999999999997
CUST-02822,0.5890628547252615,Medium Risk,1440.0
CUST-04394,0.13757740926778586,Low Risk,789.96
CUST-04615,0.3250809827032185,Low Risk,1180.68
CUST-00725,0.2840283037248631,Low Risk,302.76
CUST-00702,0.6804288176031141,Medium Risk,1005.5999999999999
CUST-01484,0.6409831889957983,Medium Risk,603.48
CUST-01261,0.135493441552167,Low Risk,637.4399999999999
CUST-01923,0.40002182450009943,Medium Risk,961.92
CUST-04639,0.21495959727016356,Low Risk,538.3199999999999
CUST-02036,0.6892634812505543,Medium Risk,523.2
CUST-02832,0.6993075492066542,Medium Risk,915.8399999999999
CUST-03620,0.14401671679309125,Low Risk,692.28
CUST-03576,0.44804638531333474,Medium Risk,379.20000000000005
CUST-03962,0.6209468737783208,Medium Risk,418.32
CUST-03594,0.40585126919074344,Medium Risk,996.72
CUST-01401,0.20297447365653376,Low Risk,386.52
CUST-04220,0.5536112062844193,Medium Risk,507.48
CUST-03660,0.4804855699850272,Medium Risk,316.56
CUST-00192,0.26943892957089455,Low Risk,971.4000000000001
CUST-00021,0.6410335222131589,Medium Risk,387.0
CUST-00419,0.5936968074315742,Medium Risk,1440.0
CUST-02196,0.48307170358724333,Medium Risk,513.5999999999999
CUST-00505,0.680974336437075,Medium Risk,822.96
CUST-00744,0.647969536784766,Medium Risk,459.0
CUST-04892,0.22636081155224516,Low Risk,521.52
CUST-00391,0.44188450817289615,Medium Risk,758.28
CUST-00682,0.32742493814651885,Low Risk,322.32
CUST-00571,0.4071498547194124,Medium Risk,730.3199999999999
CUST-03015,0.4255601860902825,Medium Risk,847.3199999999999
CUST-04880,0.6963980105292582,Medium Risk,1095.3600000000001
CUST-00408,0.2699241600771859,Low Risk,733.08
CUST-02422,0.49011466144904614,Medium Risk,926.1600000000001
CUST-01458,0.6396137020046889,Medium Risk,660.36
CUST-02336,0.6961783557415525,Medium Risk,813.0
CUST-01617,0.4475525645232776,Medium Risk,881.8799999999999
CUST-04297,0.4425524590008781,Medium Risk,455.64
CUST-04643,0.5727050510905844,Medium Risk,855.8399999999999
CUST-00789,0.31026789940711147,Low Risk,926.64
CUST-02018,0.8014906084631456,High Risk,1314.6
CUST-03994,0.6085948908432683,Medium Risk,738.84
CUST-04106,0.10518869804964492,Low Risk,658.8
CUST-02458,0.632213973177568,Medium Risk,666.5999999999999
CUST-01729,0.2364149450180978,Low Risk,654.72
CUST-03961,0.61222485524214,Medium Risk,945.36
CUST-03928,0.4548775549953881,Medium Risk,743.52
CUST-01504,0.5723502150022445,Medium Risk,531.48
CUST-00176,0.1595676377762477,Low Risk,681.72
CUST-00010,0.7357733884316957,High Risk,773.28
CUST-01637,0.30305711623008164,Low Risk,447.84000000000003
CUST-01527,0.33399543342586285,Low Risk,1061.52
CUST-00443,0.2818643656801803,Low Risk,548.16
CUST-01467,0.6417805424789791,Medium Risk,997.6800000000001
CUST-00282,0.5783066254839702,Medium Risk,813.36
CUST-00551,0.28665631631109245,Low Risk,232.32
CUST-04396,0.7380723718434343,High Risk,823.92
CUST-00095,0.7383026016816477,High Risk,872.76
CUST-04871,0.7921639289752462,High Risk,775.3199999999999
CUST-04196,0.6060174432667176,Medium Risk,1027.1999999999998
CUST-01285,0.41707570262983523,Medium Risk,878.28
CUST-02089,0.6922020159652744,Medium Risk,660.12
CUST-02546,0.547174493249252,Medium Risk,1265.4
CUST-01618,0.6120115006067283,Medium Risk,1440.0
CUST-04802,0.25767060093568933,Low Risk,1211.4
CUST-04925,0.8304049074721177,High Risk,1120.44
CUST-04487,0.6560885710659856,Medium Risk,809.4000000000001
CUST-02783,0.4799727276655686,Medium Risk,1233.48
CUST-00086,0.4321864908241877,Medium Risk,739.5600000000001
CUST-01108,0.5264175673442901,Medium Risk,1120.08
CUST-02993,0.6710489187688814,Medium Risk,877.08
CUST-02767,0.7184529675603912,High Risk,798.5999999999999
CUST-01836,0.6403365889221576,Medium Risk,1247.6399999999999
CUST-04391,0.20495645060464604,Low Risk,465.84000000000003
CUST-03139,0.6829844907735657,Medium Risk,719.88
CUST-03753,0.5910706326522247,Medium Risk,597.48
CUST-03078,0.5718202314077234,Medium Risk,340.56
CUST-01937,0.33881016589829904,Low Risk,705.72
CUST-04011,0.5889276539064475,Medium Risk,1359.24
CUST-03055,0.30640225815097843,Low Risk,1078.92
CUST-00375,0.5588190571507541,Medium Risk,1283.6399999999999
CUST-03566,0.2625627854704402,Low Risk,1033.1999999999998
CUST-00511,0.25322449623083076,Low Risk,951.5999999999999
CUST-00302,0.5633866158288492,Medium Risk,1131.84
CUST-02688,0.60964203068355,Medium Risk,730.8
CUST-04907,0.5595179636003031,Medium Risk,528.48
CUST-03853,0.20040945479161337,Low Risk,776.64
CUST-04372,0.7158856973935208,High Risk,613.8
CUST-00906,0.339338843231556,Low Risk,342.84000000000003
CUST-03112,0.21381691663014157,Low Risk,555.5999999999999
CUST-00879,0.6949594665863176,Medium Risk,1061.6399999999999
CUST-00629,0.6728578588462616,Medium Risk,629.28
CUST-03601,0.308186420013753,Low Risk,775.1999999999999
CUST-04453,0.5023058230583268,Medium Risk,1158.48
CUST-00293,0.5648003738248266,Medium Risk,533.64
CUST-00050,0.28393413919033494,Low Risk,721.5600000000001
CUST-02848,0.6215099320096866,Medium Risk,659.88
CUST-01835,0.4218424142483345,Medium Risk,953.8799999999999
CUST-04703,0.20238929030107183,Low Risk,622.2
CUST-03043,0.4170613376903054,Medium Risk,940.3199999999999
CUST-00431,0.5559496580075354,Medium Risk,1132.92
CUST-04051,0.4887813509218081,Medium Risk,744.48
CUST-00177,0.7719485519052148,High Risk,767.52
CUST-03913,0.2574048706632407,Low Risk,216.0
CUST-03102,0.2598161536185222,Low Risk,282.0
CUST-04812,0.668581256682097,Medium Risk,515.28
CUST-01214,0.2773417250118883,Low Risk,511.08000000000004
CUST-00300,0.4182068054708602,Medium Risk,739.3199999999999
CUST-00739,0.776690100392914,High Risk,649.5600000000001
CUST-01722,0.4881875880313534,Medium Risk,1411.8000000000002
CUST-04635,0.30272155783081367,Low Risk,1059.3600000000001
CUST-02119,0.25346648850571846,Low Risk,884.76
CUST-00172,0.5727359650671527,Medium Risk,749.76
CUST-00345,0.573253345372946,Medium Risk,891.24
CUST-02582,0.5454985731558478,Medium Risk,523.8
CUST-00464,0.2313686996567875,Low Risk,641.52
CUST-00067,0.2759451251274325,Low Risk,696.36
CUST-04169,0.8331935482870887,High Risk,921.1200000000001
CUST-02888,0.3101750949414935,Low Risk,594.12
CUST-01491,0.7313155498442089,High Risk,901.1999999999999
CUST-04821,0.5736697427395762,Medium Risk,621.48
CUST-04472,0.3518066781819795,Low Risk,300.0
CUST-00535,0.126005534949624,Low Risk,1070.52
CUST-01063,0.375994163380208,Low Risk,588.24
CUST-01103,0.13915635910170565,Low Risk,216.0
CUST-01630,0.32237457049277374,Low Risk,522.24
CUST-04324,0.2817038236235754,Low Risk,764.28
CUST-01646,0.29492644164892123,Low Risk,313.92
CUST-02381,0.17774920707921418,Low Risk,741.96
CUST-02692,0.7616114171464698,High Risk,1180.56
CUST-04483,0.368716478270712,Low Risk,370.92
CUST-02376,0.5964606611419426,Medium Risk,381.48
CUST-02313,0.5488599420532015,Medium Risk,884.04
CUST-00110,0.5365740925831862,Medium Risk,1017.48
CUST-04195,0.7395428600371043,High Risk,1440.0
CUST-01726,0.6098641131154475,Medium Risk,622.5600000000001
CUST-04963,0.5580860517681425,Medium Risk,540.48
CUST-04533,0.3706621305327778,Low Risk,1082.76
CUST-00963,0.555020051660944,Medium Risk,1072.56
CUST-01589,0.454644834661396,Medium Risk,1072.92
CUST-02118,0.4781095666308597,Medium Risk,520.08
CUST-01014,0.3337459557680478,Low Risk,527.04
CUST-03569,0.27252440814318,Low Risk,585.48
CUST-01593,0.5479769094058485,Medium Risk,878.8799999999999
CUST-02327,0.5489430069149394,Medium Risk,632.88
CUST-04580,0.10199363428557578,Low Risk,387.48
CUST-03050,0.7008329145334676,High Risk,1048.8000000000002
CUST-01140,0.42382227864352395,Medium Risk,923.76
CUST-01730,0.563132118941763,Medium Risk,248.64
CUST-00163,0.6535894999237398,Medium Risk,1293.72
CUST-04124,0.3840748492382581,Low Risk,857.8799999999999
CUST-01883,0.4107451459269393,Medium Risk,968.76
CUST-02063,0.37273567585056244,Low Risk,641.4000000000001
CUST-02159,0.2874117268941361,Low Risk,583.6800000000001
CUST-04791,0.379365069640975,Low Risk,1406.16
CUST-00805,0.42078699595882385,Medium Risk,749.16
CUST-02420,0.6505441704306191,Medium Risk,1236.24
CUST-00708,0.5244015444662078,Medium Risk,569.04
CUST-04438,0.1838379693393908,Low Risk,949.8000000000001
CUST-04062,0.3880474387485178,Low Risk,1113.6
CUST-00364,0.2392491719524071,Low Risk,915.96
CUST-04383,0.585571455404309,Medium Risk,518.76
CUST-04247,0.6893613884517554,Medium Risk,960.24
CUST-00080,0.3540196102346236,Low Risk,942.96
CUST-01561,0.7319720074732148,High Risk,1283.28
CUST-01377,0.15503323265714838,Low Risk,812.04
CUST-00671,0.23078613643932835,Low Risk,1003.8000000000001
CUST-03981,0.2579880757682014,Low Risk,597.96
CUST-04298,0.25497946544727074,Low Risk,1027.08
CUST-04439,0.629217120093854,Medium Risk,1070.04
CUST-04965,0.38908794646651684,Low Risk,750.84
CUST-00914,0.38223674172261773,Low Risk,315.24
CUST-03800,0.4404563525707426,Medium Risk,688.08
CUST-02824,0.6801482126371491,Medium Risk,1153.92
CUST-04131,0.5774734280702609,Medium Risk,1030.1999999999998
CUST-03548,0.5675357294192612,Medium Risk,271.08
CUST-03152,0.5323027619630447,Medium Risk,448.56000000000006
CUST-02685,0.4324266161011105,Medium Risk,695.28
CUST-03678,0.3677865946224416,Low Risk,460.08000000000004
CUST-00600,0.6597761767222812,Medium Risk,565.2
CUST-00127,0.3026591230446498,Low Risk,216.0
CUST-01318,0.48203074461521245,Medium Risk,600.12
CUST-04957,0.28084763442460847,Low Risk,966.24
CUST-04517,0.23539847878198786,Low Risk,1069.68
CUST-00242,0.28088091284062294,Low Risk,928.92
CUST-00570,0.3228504635355677,Low Risk,1315.32
CUST-03178,0.30703271335349974,Low Risk,555.84
CUST-04785,0.4538794068865557,Medium Risk,674.28
CUST-00440,0.6566476956476189,Medium Risk,598.5600000000001
CUST-01581,0.24797098581054147,Low Risk,477.59999999999997
CUST-00390,0.28063726784363024,Low Risk,668.76
CUST-00632,0.5863409627814506,Medium Risk,242.04000000000002
CUST-03992,0.6441789249052885,Medium Risk,1027.8000000000002
CUST-00295,0.47123397010721696,Medium Risk,756.24
CUST-01256,0.5392353482586322,Medium Risk,627.48
CUST-01327,0.5018602371037414,Medium Risk,1171.92
CUST-01442,0.4358833006631004,Medium Risk,721.6800000000001
CUST-01992,0.5103888816019435,Medium Risk,912.5999999999999
CUST-04398,0.6443550451190005,Medium Risk,980.52
CUST-02406,0.4614249564935292,Medium Risk,405.0
CUST-04160,0.26364703265895995,Low Risk,524.64
CUST-01698,0.08899666101134196,Low Risk,562.5600000000001
CUST-00646,0.3630884971115822,Low Risk,875.1600000000001
CUST-02307,0.4748092479494224,Medium Risk,474.0
CUST-00065,0.4833776642736572,Medium Risk,1389.3600000000001
CUST-01812,0.7803551413483638,High Risk,1283.4
CUST-04109,0.38334930311294596,Low Risk,1110.24
CUST-04783,0.17485377069448724,Low Risk,355.44
CUST-04460,0.2958064959887901,Low Risk,575.28
CUST-03851,0.61461717340732,Medium Risk,492.36
CUST-01092,0.5045017317184686,Medium Risk,530.4000000000001
CUST-04675,0.25833799393461954,Low Risk,1059.84
CUST-02192,0.426930204243364,Medium Risk,655.08
CUST-02478,0.3124164182636555,Low Risk,679.5600000000001
CUST-03976,0.6967069373450908,Medium Risk,972.5999999999999
CUST-04909,0.6247808116497902,Medium Risk,782.8799999999999
CUST-03929,0.21444245147036217,Low Risk,522.0
CUST-00575,0.3235501562106586,Low Risk,987.0
CUST-01212,0.5909553382672319,Medium Risk,990.5999999999999
CUST-02395,0.7215621025944009,High Risk,1056.6
CUST-02256,0.6202010481429436,Medium Risk,883.44
CUST-01592,0.773294477266835,High Risk,829.1999999999999
CUST-01398,0.5666786270284101,Medium Risk,1093.32
CUST-00982,0.2578816102204586,Low Risk,663.48
CUST-03956,0.1785523574724259,Low Risk,658.6800000000001
CUST-02125,0.5342207688010343,Medium Risk,884.4000000000001
CUST-04018,0.7118792274559578,High Risk,1085.6399999999999
CUST-03148,0.41739695050881,Medium Risk,1096.56
CUST-02570,0.6218467042397524,Medium Risk,1215.24
CUST-04890,0.4393294328586617,Medium Risk,1020.48
CUST-01446,0.2508925852816221,Low Risk,1182.3600000000001
CUST-04823,0.6903425445908133,Medium Risk,839.1600000000001
CUST-01878,0.4599514101823984,Medium Risk,936.48
CUST-04596,0.32583649313284996,Low Risk,327.71999999999997
CUST-00138,0.4131472044708008,Medium Risk,532.4399999999999
CUST-03727,0.6478689016516643,Medium Risk,693.12
CUST-01863,0.45008410291240336,Medium Risk,1021.1999999999999
CUST-02642,0.35595380459796583,Low Risk,229.32
CUST-01110,0.1379555707961937,Low Risk,1069.56
CUST-01626,0.20096777227489598,Low Risk,442.68
CUST-01390,0.7670717604904097,High Risk,913.1999999999999
CUST-00812,0.4854507746898529,Medium Risk,943.92
CUST-00557,0.5182485356158777,Medium Risk,671.64
CUST-01939,0.5808603496318047,Medium Risk,437.15999999999997
CUST-00382,0.5631190452165115,Medium Risk,1169.52
CUST-03645,0.5563820802339875,Medium Risk,480.0
CUST-00271,0.3273848249056032,Low Risk,599.4000000000001
CUST-04633,0.1725580410096865,Low Risk,1262.8799999999999
CUST-03239,0.43040880746054055,Medium Risk,975.1200000000001
CUST-01416,0.6360708235691195,Medium Risk,429.96
CUST-04105,0.5285788569703058,Medium Risk,767.52
CUST-04043,0.6227695217507866,Medium Risk,937.08
CUST-03032,0.470443484681726,Medium Risk,520.4399999999999
CUST-02765,0.10889063677286216,Low Risk,581.88
CUST-00270,0.3758716557769453,Low Risk,1183.56
CUST-03878,0.4915393679886966,Medium Risk,507.12
CUST-00599,0.45636003294182415,Medium Risk,597.72
CUST-00891,0.2159752815443489,Low Risk,345.84000000000003
CUST-02267,0.5112094589570233,Medium Risk,660.0
CUST-01246,0.559061300028548,Medium Risk,989.52
CUST-02857,0.748221831544432,High Risk,1146.1200000000001
CUST-04343,0.27783372123481637,Low Risk,604.3199999999999
CUST-00605,0.4780899960645721,Medium Risk,1241.4
CUST-00187,0.44456186167962375,Medium Risk,1034.04
CUST-03862,0.3821662707261761,Low Risk,877.92
CUST-01908,0.45420227748320285,Medium Risk,1086.48
CUST-01679,0.6385576818240829,Medium Risk,1185.24
CUST-02629,0.34335395022988363,Low Risk,216.0
CUST-03852,0.48335532265263953,Medium Risk,559.92
CUST-04355,0.338813325080675,Low Risk,931.8000000000001
CUST-04084,0.6557967383606812,Medium Risk,489.72
CUST-03965,0.2296314117995404,Low Risk,421.08000000000004
CUST-00802,0.6236583163649021,Medium Risk,845.8799999999999
CUST-02908,0.5997251703558556,Medium Risk,794.28
CUST-01601,0.2979750966796448,Low Risk,462.84000000000003
CUST-04385,0.1420599546602215,Low Risk,840.36
CUST-03734,0.549832078583302,Medium Risk,216.0
CUST-04516,0.48871006393001504,Medium Risk,646.08
CUST-04120,0.3243248699578692,Low Risk,1128.0
CUST-01213,0.46942322096463557,Medium Risk,1181.52
CUST-04862,0.5449752486032869,Medium Risk,888.24
CUST-04357,0.4966729129566343,Medium Risk,553.2
CUST-04582,0.39996827878184144,Low Risk,856.92
CUST-04861,0.37995450869875297,Low Risk,935.1600000000001
CUST-00909,0.7440272021323374,High Risk,724.5600000000001
CUST-03431,0.26465449475349195,Low Risk,1100.4
CUST-03315,0.4905370813006386,Medium Risk,477.48
CUST-02591,0.1517820041758878,Low Risk,1122.0
CUST-04236,0.7169814679747727,High Risk,1285.56
CUST-01447,0.46873222697960737,Medium Risk,807.72
CUST-02974,0.6648812244282162,Medium Risk,720.0
CUST-01421,0.5755629850570542,Medium Risk,729.36
CUST-00830,0.5649301063146229,Medium Risk,1183.44
CUST-03954,0.6638000057091221,Medium Risk,646.08
CUST-01887,0.6070513797213112,Medium Risk,603.96
CUST-01225,0.5279202318703586,Medium Risk,1254.0
CUST-01779,0.248917419805352,Low Risk,1018.6800000000001
CUST-03610,0.573817245239455,Medium Risk,755.4000000000001
CUST-04563,0.612878664138168,Medium Risk,578.16
CUST-00356,0.744678323322939,High Risk,748.6800000000001
CUST-03708,0.7414792897508152,High Risk,674.52
CUST-01094,0.5312968400047883,Medium Risk,439.32
CUST-04276,0.7266917307896985,High Risk,1160.16
CUST-01017,0.3878448407712035,Low Risk,725.4000000000001
CUST-03192,0.1302954880127426,Low Risk,483.0
CUST-03669,0.2738968599744018,Low Risk,1018.44
CUST-04146,0.690263813248293,Medium Risk,867.5999999999999
CUST-00294,0.4624237692161921,Medium Risk,1063.68
CUST-02809,0.3872494979667743,Low Risk,764.64
CUST-01636,0.26957056221716713,Low Risk,989.1600000000001
CUST-04269,0.21152062974654975,Low Risk,507.48
CUST-01201,0.7543046667970505,High Risk,769.08
CUST-03582,0.2845558263899096,Low Risk,735.48
CUST-00133,0.6105666183475045,Medium Risk,1099.8000000000002
CUST-02701,0.23266930879178133,Low Risk,946.44
CUST-02606,0.6098760125704952,Medium Risk,1214.04
CUST-00164,0.7052197352662805,High Risk,623.28
CUST-00012,0.39685307683989446,Low Risk,1342.56
CUST-01760,0.5707894942120352,Medium Risk,597.84
CUST-02640,0.710379825380885,High Risk,1312.56
CUST-04304,0.28000875433718836,Low Risk,823.08
CUST-00826,0.6036986803805539,Medium Risk,1232.76
CUST-03263,0.5913095169882197,Medium Risk,216.0
CUST-02296,0.804858481577384,High Risk,1050.3600000000001
CUST-00047,0.5638558271605999,Medium Risk,521.64
CUST-02652,0.626124392609676,Medium Risk,568.2
CUST-00005,0.5865519176223528,Medium Risk,594.96
CUST-03739,0.3269003412048729,Low Risk,865.8000000000001
CUST-01935,0.39762884885896904,Low Risk,882.24
CUST-04978,0.3941019350203454,Low Risk,929.04
CUST-03253,0.6590018039720305,Medium Risk,677.76
CUST-01557,0.6614420454320993,Medium Risk,1058.52
CUST-02866,0.6114308589852016,Medium Risk,458.76
CUST-03842,0.6372225160609142,Medium Risk,1138.1999999999998
CUST-04888,0.645965035149297,Medium Risk,516.24
CUST-01209,0.28259545187246665,Low Risk,1036.32
CUST-01159,0.41570102197462117,Medium Risk,216.0
CUST-04523,0.3224776257801887,Low Risk,972.48
CUST-03323,0.6394943888763941,Medium Risk,657.36
CUST-03705,0.2734112639372472,Low Risk,1099.08
CUST-01739,0.3243666488871416,Low Risk,582.24
CUST-01941,0.2764326024019357,Low Risk,244.56
CUST-01856,0.3441716829273844,Low Risk,571.08
CUST-01415,0.3430911804006415,Low Risk,546.96
CUST-02564,0.64385323524238,Medium Risk,447.72
CUST-03564,0.6286547570284846,Medium Risk,589.6800000000001
CUST-03026,0.06972049887609139,Low Risk,1000.6800000000001
CUST-00394,0.7109885595773687,High Risk,947.52
CUST-04218,0.165300160503945,Low Risk,793.44
CUST-01755,0.2720319596364335,Low Risk,501.0
CUST-01651,0.20664941345166954,Low Risk,481.20000000000005
CUST-03808,0.7253392584885957,High Risk,785.1600000000001
CUST-04161,0.4951078325489089,Medium Risk,413.28
CUST-03933,0.46446648531226825,Medium Risk,1047.96
CUST-04845,0.5117524259564606,Medium Risk,549.48
CUST-00720,0.1759867590566203,Low Risk,711.36
CUST-03642,0.539347523475623,Medium Risk,603.24
CUST-00864,0.552726323032807,Medium Risk,658.4399999999999
CUST-02107,0.2104837278108047,Low Risk,691.3199999999999
CUST-02442,0.37854588052639904,Low Risk,893.8799999999999
CUST-03057,0.7606282321534729,High Risk,885.96
CUST-03067,0.21147604498445227,Low Risk,293.52
CUST-00384,0.37093094364494544,Low Risk,364.20000000000005
CUST-01083,0.1687484159061055,Low Risk,792.72
CUST-02334,0.8052322783989112,High Risk,1097.4
CUST-04695,0.35017280127706135,Low Risk,1440.0
CUST-02243,0.3051606328896453,Low Risk,504.96
CUST-01192,0.5876327675839442,Medium Risk,677.64
CUST-00818,0.5472869713809904,Medium Risk,872.76
CUST-02608,0.43254761011973414,Medium Risk,837.5999999999999
CUST-01777,0.6794947925966784,Medium Risk,1184.28
CUST-03510,0.5842862810389321,Medium Risk,317.88
CUST-02195,0.6602720214823029,Medium Risk,505.56000000000006
CUST-00500,0.6413200399794131,Medium Risk,421.08000000000004
CUST-03420,0.3190285041364169,Low Risk,890.28
CUST-01296,0.5676539692101953,Medium Risk,503.28
CUST-02097,0.44926408451256417,Medium Risk,1284.84
CUST-01450,0.37060109891328824,Low Risk,687.24
CUST-03449,0.42428597152918246,Medium Risk,216.0
CUST-01546,0.3823159706690829,Low Risk,845.28
CUST-02999,0.2752687652074031,Low Risk,915.72
CUST-03379,0.4113502396914023,Medium Risk,961.92
CUST-00753,0.2947468361341843,Low Risk,437.40000000000003
CUST-00210,0.21332344053410585,Low Risk,701.4000000000001
CUST-01980,0.5927354410264853,Medium Risk,539.04
CUST-00889,0.6823510545011341,Medium Risk,807.36
CUST-01341,0.37224561053135136,Low Risk,267.84000000000003
CUST-01002,0.06194346618061669,Low Risk,917.76
CUST-02149,0.4295403029862576,Medium Risk,680.76
CUST-03860,0.3798120874782068,Low Risk,593.88
CUST-00921,0.15412026333899995,Low Risk,541.08
CUST-04696,0.7315016715035944,High Risk,885.5999999999999
CUST-04746,0.5274564706462233,Medium Risk,1200.0
CUST-03609,0.08593882445904479,Low Risk,581.28
CUST-00267,0.4855838980625272,Medium Risk,686.52
CUST-03900,0.6876575615030012,Medium Risk,1191.24
CUST-02784,0.1209562229261411,Low Risk,1440.0
CUST-04610,0.5854667266693557,Medium Risk,980.52
CUST-00519,0.5069583654399931,Medium Risk,1035.0
CUST-04994,0.6154484523255882,Medium Risk,392.28
CUST-04583,0.45516600896682247,Medium Risk,992.76
CUST-02910,0.349059014710339,Low Risk,909.0
CUST-01059,0.15416152904862387,Low Risk,713.16
CUST-02074,0.3456368614162941,Low Risk,764.76
CUST-00129,0.21452797822388286,Low Risk,632.76
CUST-02325,0.28465338525938466,Low Risk,705.84
CUST-02717,0.13749671273408415,Low Risk,843.36
CUST-03130,0.31763393950372204,Low Risk,763.08
CUST-04211,0.20669876504937135,Low Risk,795.48
CUST-03400,0.7556106096566277,High Risk,942.8399999999999
CUST-01516,0.24324463839141183,Low Risk,611.88
CUST-02938,0.25996161852240735,Low Risk,1319.04
CUST-03169,0.517867873125127,Medium Risk,507.12
CUST-00581,0.21173684349481917,Low Risk,530.16
CUST-03504,0.3547681017700619,Low Risk,596.04
CUST-02087,0.3130192825725952,Low Risk,216.0
CUST-01511,0.265273763342849,Low Risk,599.88
CUST-01190,0.4775264941497475,Medium Risk,257.4
CUST-03535,0.6848848051210163,Medium Risk,800.8799999999999
CUST-04898,0.4700133922411493,Medium Risk,976.8000000000001
CUST-01843,0.5017456976006207,Medium Risk,1240.68
CUST-02197,0.21745910979392283,Low Risk,1088.4
CUST-00910,0.631788299121044,Medium Risk,549.12
CUST-01984,0.511966664910578,Medium Risk,1363.08
CUST-04529,0.2705323444686924,Low Risk,763.6800000000001
CUST-01845,0.7295943409769574,High Risk,802.3199999999999
CUST-01230,0.2305582041368368,Low Risk,668.04
CUST-02578,0.3836244212786999,Low Risk,577.3199999999999
CUST-04259,0.726037620963702,High Risk,1164.3600000000001
CUST-04686,0.7999983528662746,High Risk,756.36
CUST-03820,0.6506090114889523,Medium Risk,509.28
CUST-02235,0.46209230490910147,Medium Risk,563.52
CUST-04828,0.4828190787056056,Medium Risk,1313.8799999999999
CUST-02104,0.4201785014824038,Medium Risk,834.96
CUST-02329,0.5626038584128992,Medium Risk,675.48
CUST-00045,0.4261168968598414,Medium Risk,721.8
CUST-02534,0.18288130749547427,Low Risk,923.1600000000001
CUST-02853,0.2463688483953848,Low Risk,464.64
CUST-04825,0.5856620163224202,Medium Risk,1128.1200000000001
CUST-03380,0.6705056576742776,Medium Risk,927.8399999999999
CUST-01448,0.1409522657169219,Low Risk,820.56
CUST-02555,0.16446922274194256,Low Risk,699.5999999999999
CUST-00859,0.5396448161266069,Medium Risk,1256.04
CUST-00184,0.47655502569937863,Medium Risk,596.52
CUST-00911,0.19999510225767492,Low Risk,591.0
CUST-01990,0.1955048106632573,Low Risk,805.1999999999999
CUST-04026,0.33285952297542043,Low Risk,447.0
CUST-04392,0.5713771432993586,Medium Risk,538.92
CUST-01096,0.7866134258891324,High Risk,624.12
CUST-01317,0.3114846806694075,Low Risk,784.56
CUST-00325,0.2725274194963034,Low Risk,701.16
CUST-00823,0.5714325183601031,Medium Risk,1195.68
CUST-03482,0.21173404601609416,Low Risk,216.0
CUST-04889,0.351874605487317,Low Risk,739.4399999999999
CUST-01842,0.5742426242159077,Medium Risk,789.8399999999999
CUST-03681,0.3011293883621981,Low Risk,702.12
CUST-04524,0.3328462117610426,Low Risk,216.0
CUST-02566,0.3846075087721997,Low Risk,616.5600000000001
CUST-04704,0.5449748681307937,Medium Risk,836.04
CUST-01003,0.33392521298928285,Low Risk,450.0
CUST-00980,0.39865929596983307,Low Risk,716.88
CUST-01216,0.8067968464972968,High Risk,1301.4
CUST-02922,0.39226487391389414,Low Risk,813.36
CUST-00971,0.26866740419620605,Low Risk,589.92
CUST-04678,0.5020530813553599,Medium Risk,939.5999999999999
CUST-04470,0.13831262477570608,Low Risk,728.4000000000001
CUST-01211,0.5227495123039902,Medium Risk,591.24
CUST-03429,0.5946829473353299,Medium Risk,701.64
CUST-04592,0.40108556039713544,Medium Risk,342.84000000000003
CUST-02238,0.5891943834047447,Medium Risk,764.28
CUST-00855,0.42439051929651567,Medium Risk,826.8000000000001
CUST-03964,0.5065469712143188,Medium Risk,1137.84
CUST-03712,0.31574787350213995,Low Risk,763.3199999999999
CUST-01677,0.5473721125934403,Medium Risk,941.4000000000001
CUST-02211,0.2836938982133577,Low Risk,664.92
CUST-02459,0.5587834708368088,Medium Risk,216.0
CUST-00867,0.6240993111951832,Medium Risk,789.24
CUST-02222,0.7624577184466507,High Risk,545.16
CUST-03993,0.7399900180450775,High Risk,1002.96
CUST-00674,0.3930126464422506,Low Risk,933.24
CUST-01022,0.14461971418404215,Low Risk,308.04
CUST-00492,0.6743186653920759,Medium Risk,1130.6399999999999
CUST-01710,0.6598295784427803,Medium Risk,514.2
CUST-04717,0.1455049953466702,Low Risk,374.52
CUST-02799,0.8388560616835445,High Risk,1440.0
CUST-03307,0.661642773336616,Medium Risk,789.96
CUST-01780,0.8155355560384326,High Risk,989.8799999999999
CUST-01916,0.16668312652183084,Low Risk,560.4000000000001
CUST-01678,0.4161059989645328,Medium Risk,995.4000000000001
CUST-00689,0.6565241170716605,Medium Risk,762.36
CUST-00652,0.5354507160905253,Medium Risk,940.1999999999999
CUST-01508,0.35982687161766863,Low Risk,1080.96
CUST-01724,0.44926887967093004,Medium Risk,1017.1200000000001
CUST-03095,0.15427098730392932,Low Risk,216.0
CUST-01462,0.23653381516777283,Low Risk,581.4000000000001
CUST-02385,0.7057223520947264,High Risk,1292.8799999999999
CUST-02082,0.5925026336507341,Medium Risk,577.2
CUST-01786,0.18876286286377442,Low Risk,463.43999999999994
CUST-03367,0.48063543137265574,Medium Risk,1018.44
CUST-01550,0.3472369836451706,Low Risk,651.0
CUST-04683,0.44006167441448807,Medium Risk,820.92
CUST-01763,0.651284862951541,Medium Risk,841.44
CUST-02973,0.19508678126143356,Low Risk,672.48
CUST-04226,0.5735178239126536,Medium Risk,315.71999999999997
CUST-02826,0.19570952620922125,Low Risk,216.0
CUST-04958,0.3429550266198485,Low Risk,594.72
CUST-02428,0.6699770335409408,Medium Risk,1339.68
CUST-01972,0.7670103686454263,High Risk,1224.96
CUST-01829,0.6804694081440886,Medium Risk,684.96
CUST-02171,0.2890437933840505,Low Risk,664.3199999999999
CUST-03885,0.2601421858166244,Low Risk,942.8399999999999
CUST-02344,0.1764327376169585,Low Risk,391.56000000000006
CUST-04024,0.6167076784406876,Medium Risk,1329.96
CUST-04316,0.20267200559080648,Low Risk,510.48
CUST-02841,0.44866579775805787,Medium Risk,1433.28
CUST-00961,0.2779681595142099,Low Risk,216.0
CUST-00542,0.4352882076867859,Medium Risk,1002.1200000000001
CUST-00712,0.48375798413035964,Medium Risk,444.0
CUST-00106,0.7818289733638968,High Risk,660.24
CUST-02429,0.23891130264065807,Low Risk,683.28
CUST-04866,0.7189822896613844,High Risk,798.36
CUST-01076,0.7242205209380921,High Risk,1224.0
CUST-02324,0.3595399425257699,Low Risk,725.52
CUST-01185,0.06478465362137152,Low Risk,480.72
CUST-02801,0.3019996211529401,Low Risk,1120.56
CUST-02574,0.7096844368356133,High Risk,763.6800000000001
CUST-03240,0.48390430429805925,Medium Risk,979.3199999999999
CUST-00018,0.615235349178156,Medium Risk,801.48
CUST-03053,0.5751167822594295,Medium Risk,637.2
CUST-02914,0.5809372056935245,Medium Risk,942.72
CUST-01122,0.31840679511965064,Low Risk,1374.96
CUST-03630,0.30581031552766424,Low Risk,766.5600000000001
CUST-00088,0.2149097758249562,Low Risk,448.91999999999996
CUST-04611,0.620416628850159,Medium Risk,345.6
CUST-02768,0.6186780200319462,Medium Risk,216.12
CUST-01888,0.32612068181425274,Low Risk,685.2
CUST-03196,0.25541167668649595,Low Risk,1173.48
CUST-03997,0.18402822077815287,Low Risk,365.4
CUST-02400,0.7184648552722339,High Risk,1321.32
CUST-02275,0.26463742791806233,Low Risk,653.64
CUST-00718,0.7077310167590891,High Risk,584.76
CUST-04954,0.5809385050977369,Medium Risk,1093.32
CUST-02730,0.3953592500924037,Low Risk,275.4
CUST-02753,0.6057492546360176,Medium Risk,432.59999999999997
CUST-02100,0.24994512705459576,Low Risk,216.0
CUST-02103,0.26883323701760214,Low Risk,765.84
CUST-01340,0.7865427367896332,High Risk,974.8799999999999
CUST-03150,0.4926061537229376,Medium Risk,492.0
CUST-03326,0.29110321744416673,Low Risk,393.24
CUST-02626,0.4548843855296307,Medium Risk,751.8
CUST-02106,0.1475090163180291,Low Risk,554.04
CUST-04573,0.46628870224713825,Medium Risk,993.24
CUST-03626,0.6083507275031691,Medium Risk,705.36
CUST-01762,0.564986411421937,Medium Risk,568.6800000000001
CUST-03663,0.6668022073789079,Medium Risk,813.48
CUST-03677,0.3781055034339767,Low Risk,1170.3600000000001
CUST-03258,0.38843582416555966,Low Risk,216.0
CUST-04934,0.5439572656748652,Medium Risk,591.0
CUST-02897,0.6260924159940461,Medium Risk,239.76
CUST-02802,0.06145653466177354,Low Risk,557.64
CUST-02711,0.5884958062622301,Medium Risk,504.48
CUST-00950,0.6076476257702337,Medium Risk,454.43999999999994
CUST-03466,0.5762977406653738,Medium Risk,644.28
CUST-01850,0.7297397796889944,High Risk,673.92
CUST-04827,0.5150725597602294,Medium Risk,324.6
CUST-02377,0.37017885571165765,Low Risk,829.6800000000001
CUST-00892,0.38335277650247723,Low Risk,1361.4
CUST-01513,0.6672533444914825,Medium Risk,633.48
CUST-04761,0.17951529671579777,Low Risk,343.32
CUST-02519,0.46208974337546105,Medium Risk,706.2
CUST-02233,0.2543525486956069,Low Risk,478.56000000000006
CUST-01178,0.37835820999229247,Low Risk,735.5999999999999
CUST-03291,0.3780197517693606,Low Risk,633.72
CUST-04217,0.32437061189235733,Low Risk,701.16
CUST-03906,0.4123889090305421,Medium Risk,967.56
CUST-03914,0.08726240306039375,Low Risk,361.68
CUST-04266,0.49518821988251993,Medium Risk,578.64
CUST-04055,0.413562803779347,Medium Risk,613.3199999999999
CUST-01499,0.19912797868142393,Low Risk,1234.32
CUST-04775,0.3440972570063805,Low Risk,714.96
CUST-04891,0.629157721104706,Medium Risk,973.08
CUST-04809,0.1266844686235837,Low Risk,530.76
CUST-04716,0.4802428333085332,Medium Risk,847.8000000000001
CUST-00054,0.5471794005318946,Medium Risk,804.96
CUST-04156,0.27610366809344844,Low Risk,1142.28
CUST-03500,0.7610409693282528,High Risk,662.16
CUST-01565,0.7317728088548954,High Risk,830.28
CUST-02454,0.22371710877013512,Low Risk,304.68
CUST-01714,0.45313982843950945,Medium Risk,216.0
CUST-00968,0.30724535900444466,Low Risk,1440.0
CUST-00024,0.2397897477926505,Low Risk,920.52
CUST-03606,0.26757281157054436,Low Risk,549.36
CUST-00423,0.6733862501319865,Medium Risk,700.08
CUST-03172,0.6661428275795456,Medium Risk,514.8
CUST-03995,0.7295103682281844,High Risk,1016.1600000000001
CUST-01310,0.7659176925625844,High Risk,655.92
CUST-00733,0.5782087168928011,Medium Risk,344.64
CUST-03980,0.33394121740537613,Low Risk,482.76
CUST-00860,0.3420089918119091,Low Risk,216.0
CUST-02407,0.35018386809191177,Low Risk,871.6800000000001
CUST-04834,0.5152402750663263,Medium Risk,338.64
CUST-02239,0.6983138698552431,Medium Risk,954.0
CUST-04772,0.644671559404554,Medium Risk,750.36
CUST-04449,0.43260801405658567,Medium Risk,658.08
CUST-04178,0.5651607836802658,Medium Risk,882.8399999999999
CUST-02155,0.43149451532205424,Medium Risk,609.12
CUST-02354,0.36084807139998104,Low Risk,837.5999999999999
CUST-04303,0.6744502259163566,Medium Risk,1218.24
CUST-04189,0.11183419472199606,Low Risk,822.5999999999999
CUST-03776,0.27081989916023974,Low Risk,1422.84
CUST-02086,0.44077590614278156,Medium Risk,1267.1999999999998
CUST-02349,0.3246869112314964,Low Risk,519.36
CUST-04165,0.2946220523659195,Low Risk,971.04
CUST-00680,0.2699855795476231,Low Risk,778.44
CUST-02987,0.5380324772968499,Medium Risk,509.15999999999997
CUST-04713,0.45016531487914335,Medium Risk,347.04
CUST-04868,0.2400250530703026,Low Risk,853.6800000000001
CUST-04923,0.1993702363603224,Low Risk,792.48
CUST-00292,0.3547431595635358,Low Risk,552.24
CUST-03294,0.2045956042111573,Low Risk,471.0
CUST-03142,0.4132475672116488,Medium Risk,873.48
CUST-03223,0.35340868424064315,Low Risk,898.1999999999999
CUST-02641,0.7194137643788453,High Risk,789.48
CUST-00545,0.6952612938875007,Medium Risk,721.3199999999999
CUST-04561,0.7854505421284236,High Risk,824.52
CUST-03188,0.44287807259596623,Medium Risk,1026.0
CUST-02129,0.27831446251692893,Low Risk,855.96
CUST-01657,0.683122739364616,Medium Risk,885.72
CUST-01375,0.21923293106390668,Low Risk,1218.24
CUST-03133,0.6114322868207317,Medium Risk,864.72
CUST-03060,0.45385986001477724,Medium Risk,735.0
CUST-01839,0.32259571458310754,Low Risk,625.3199999999999
CUST-04590,0.4457941149013482,Medium Risk,216.0
CUST-04628,0.4736369581632283,Medium Risk,723.48
CUST-01439,0.38536317100423634,Low Risk,1117.92
CUST-00489,0.07872960872813496,Low Risk,1005.96
CUST-04009,0.46717721314512983,Medium Risk,1191.24
CUST-01963,0.5056243760950025,Medium Risk,691.8
CUST-00103,0.6016004467644047,Medium Risk,530.28
CUST-00579,0.7601638032547479,High Risk,811.1999999999999
CUST-02096,0.2470484553455805,Low Risk,773.64
CUST-04251,0.5815613022013439,Medium Risk,653.76
CUST-00715,0.2594489718387209,Low Risk,562.6800000000001
CUST-03641,0.2242629061729607,Low Risk,597.84
CUST-00368,0.48094396692434394,Medium Risk,992.28
CUST-00000,0.7697833246647164,High Risk,1284.24
CUST-03807,0.5271799864544628,Medium Risk,768.36
CUST-04151,0.7114123651363055,High Risk,792.36
CUST-03692,0.5070964769031089,Medium Risk,988.6800000000001
CUST-03806,0.525865213425158,Medium Risk,216.0
CUST-02262,0.29626592918252836,Low Risk,579.5999999999999
CUST-01891,0.3717838663250221,Low Risk,1026.24
CUST-02331,0.3923223832414428,Low Risk,1002.72
CUST-01158,0.3368112392636981,Low Risk,1024.32
CUST-04901,0.6779253520832822,Medium Risk,663.12
CUST-04787,0.3010192814130381,Low Risk,828.0
CUST-01922,0.6518515735875922,Medium Risk,1440.0
CUST-00991,0.3934538104676306,Low Risk,944.28
CUST-03024,0.6753699569461806,Medium Risk,235.07999999999998
CUST-02995,0.3337360195917247,Low Risk,1127.52
CUST-02650,0.7611207288365005,High Risk,1011.96
CUST-03163,0.650461899249352,Medium Risk,684.84
CUST-02933,0.6205621961692361,Medium Risk,847.08
CUST-03430,0.5465726895548045,Medium Risk,1056.1200000000001
CUST-04543,0.7551043811489347,High Risk,786.48
CUST-04049,0.7301505325738855,High Risk,412.68
CUST-00604,0.8111718503330639,High Risk,1184.76
CUST-04127,0.18120790792490973,Low Risk,1133.8799999999999
CUST-04073,0.40453463683039376,Medium Risk,466.79999999999995
CUST-00171,0.6955613888254292,Medium Risk,1031.4
CUST-02409,0.32311024760169044,Low Risk,997.8000000000001
CUST-02675,0.4393864180833791,Medium Risk,785.1600000000001
CUST-03116,0.4146387359973201,Medium Risk,555.48
CUST-01848,0.25880014821115216,Low Risk,715.6800000000001
CUST-02592,0.5447154220367071,Medium Risk,1071.24
CUST-04402,0.535471500234078,Medium Risk,623.64
CUST-00628,0.7874348479279536,High Risk,652.6800000000001
CUST-01525,0.3564422031595835,Low Risk,919.8000000000001
CUST-01674,0.40653670954747106,Medium Risk,909.24
CUST-03230,0.6302679261527205,Medium Risk,654.0
CUST-01278,0.341131736401103,Low Risk,887.52
CUST-03076,0.18972032338828837,Low Risk,629.52
CUST-04519,0.7841198128126692,High Risk,1007.64
CUST-00820,0.2821771020931739,Low Risk,1139.28
CUST-03568,0.32688444613550727,Low Risk,785.28
CUST-00838,0.27132189712199056,Low Risk,669.96
CUST-02601,0.6171836801810974,Medium Risk,537.48
CUST-01275,0.43612330238827063,Medium Risk,343.56
CUST-01632,0.4120731168225182,Medium Risk,1005.1200000000001
CUST-02961,0.654729260758576,Medium Risk,654.48
CUST-03584,0.7328413397264391,High Risk,777.5999999999999
CUST-01090,0.16206512823664243,Low Risk,809.28
CUST-00162,0.5354925803180219,Medium Risk,1440.0
CUST-04388,0.6424981389628553,Medium Risk,440.15999999999997
CUST-03719,0.8268413724769447,High Risk,673.5600000000001
CUST-04121,0.6934047519529084,Medium Risk,913.56
CUST-01247,0.6001824306359702,Medium Risk,918.0
CUST-01774,0.35796634513788744,Low Risk,512.76
CUST-00922,0.22147116161207292,Low Risk,823.8000000000001
CUST-00019,0.33092536013515667,Low Risk,747.36
CUST-00640,0.5523907846999743,Medium Risk,693.0
CUST-02896,0.3340980795046325,Low Risk,913.6800000000001
CUST-04014,0.5083681001051735,Medium Risk,795.36
CUST-04351,0.5478317201613261,Medium Risk,1297.8000000000002
CUST-02445,0.6062798688920981,Medium Risk,1064.4
CUST-03870,0.23892892219595402,Low Risk,738.72
CUST-03347,0.7530081881921512,High Risk,804.1200000000001
CUST-01397,0.662272620012169,Medium Risk,730.92
CUST-00315,0.4018887342050656,Medium Risk,447.36
CUST-00220,0.4474619293679117,Medium Risk,976.56
CUST-01644,0.7527374539514017,High Risk,1006.08
CUST-03868,0.30862759413147184,Low Risk,693.72
CUST-01402,0.722582005465508,High Risk,604.08
CUST-00773,0.5242073337484701,Medium Risk,912.72
CUST-04221,0.3421841013715565,Low Risk,385.08000000000004
CUST-02632,0.7725919548621615,High Risk,913.92
CUST-02744,0.4329686582538171,Medium Risk,713.88
CUST-02698,0.43291374608358446,Medium Risk,1147.08
CUST-00002,0.23527982140429876,Low Risk,534.5999999999999
CUST-00648,0.3144495890224104,Low Risk,885.36
CUST-04172,0.6330181127414664,Medium Risk,976.44
CUST-02143,0.700807525102014,High Risk,476.88
CUST-00503,0.37090146727604334,Low Risk,758.52
CUST-02709,0.28056458401198503,Low Risk,327.36
CUST-00042,0.8012856768546941,High Risk,881.04
CUST-02509,0.1255444765234875,Low Risk,1105.68
CUST-04181,0.5686932114617735,Medium Risk,1021.44
CUST-00520,0.1433840363284173,Low Risk,842.4000000000001
CUST-02656,0.3236086603523804,Low Risk,426.36
CUST-04799,0.20105948243683106,Low Risk,349.44
CUST-04790,0.8116623771788973,High Risk,862.8000000000001
CUST-02071,0.6684574523423987,Medium Risk,394.68
CUST-00151,0.6888886394753183,Medium Risk,356.76
CUST-04564,0.5749971996410532,Medium Risk,546.12
CUST-03742,0.3484987640632584,Low Risk,241.32
CUST-01074,0.3396357887045039,Low Risk,584.4000000000001
CUST-02902,0.8249111181990049,High Risk,887.8799999999999
CUST-00779,0.5672831877245189,Medium Risk,889.56
CUST-01025,0.5904444469385204,Medium Risk,1306.8000000000002
CUST-02426,0.5845011620824104,Medium Risk,466.79999999999995
CUST-01965,0.39538317278747187,Low Risk,912.24
CUST-00564,0.49528021342111705,Medium Risk,1148.52
CUST-00703,0.6775666673713213,Medium Risk,786.1200000000001
CUST-01345,0.5921207134366386,Medium Risk,1124.4
CUST-03088,0.5360691580467207,Medium Risk,1091.6399999999999
CUST-04097,0.717834283662376,High Risk,1136.4
CUST-04938,0.16311828127384642,Low Risk,756.0
CUST-01974,0.6981061822377118,Medium Risk,813.36
CUST-01236,0.2933096264992922,Low Risk,919.3199999999999
CUST-01095,0.6722273380673948,Medium Risk,901.56
CUST-04976,0.6565967938938544,Medium Risk,794.64
CUST-03693,0.6690368173136385,Medium Risk,837.48
CUST-02705,0.2904112977787419,Low Risk,784.8000000000001
CUST-02085,0.6971963840649992,Medium Risk,1205.04
CUST-00546,0.6576492963733468,Medium Risk,941.4000000000001
CUST-04778,0.6702375702212929,Medium Risk,1390.8000000000002
CUST-04680,0.6601832021486908,Medium Risk,926.4000000000001
CUST-01240,0.18510351562709404,Low Risk,1440.0
CUST-02898,0.6032372356475348,Medium Risk,677.64
CUST-00167,0.6221673231214118,Medium Risk,495.96
CUST-04824,0.7245436787453949,High Risk,1118.4
CUST-02102,0.4302238987049343,Medium Risk,1176.6
CUST-00973,0.4096988598442467,Medium Risk,1262.16
CUST-04366,0.5962172081115007,Medium Risk,372.6
CUST-01470,0.5106068065009619,Medium Risk,950.04
CUST-00657,0.34716027630192636,Low Risk,1097.16
CUST-03481,0.6189460707533535,Medium Risk,1018.44
CUST-04669,0.3793223128070375,Low Risk,590.28
CUST-01627,0.46781751175999403,Medium Risk,804.36
CUST-00541,0.43724811157716004,Medium Risk,955.08
CUST-04846,0.06328385788295865,Low Risk,853.44
CUST-04541,0.485170989317975,Medium Risk,518.76
CUST-02355,0.640605339843504,Medium Risk,1257.72
CUST-02157,0.716994105804714,High Risk,758.88
CUST-04045,0.6535269450897169,Medium Risk,903.36
CUST-02043,0.709525943279332,High Risk,982.08
CUST-03894,0.5336348433927687,Medium Risk,1039.1999999999998
CUST-03003,0.2840037554661907,Low Risk,527.52
CUST-01804,0.5868950245425073,Medium Risk,555.5999999999999
CUST-04067,0.11322206432584285,Low Risk,393.84000000000003
CUST-03658,0.5629894735634994,Medium Risk,908.28
CUST-01202,0.26321476925658704,Low Risk,603.96
CUST-04527,0.24646326758356446,Low Risk,216.0
CUST-02333,0.4530211707547694,Medium Risk,604.6800000000001
CUST-01757,0.3192214070691342,Low Risk,1184.8799999999999
CUST-01116,0.37375675517467294,Low Risk,520.5600000000001
CUST-02114,0.37997241659962805,Low Risk,963.5999999999999
CUST-01026,0.09959580233409639,Low Risk,545.4000000000001
CUST-01330,0.426235696087733,Medium Risk,400.43999999999994
CUST-03963,0.4854678876454336,Medium Risk,434.04
CUST-03556,0.6396886169458285,Medium Risk,241.68
CUST-00483,0.49597499751000534,Medium Risk,1349.04
CUST-00371,0.6907147206694761,Medium Risk,832.1999999999999
CUST-00956,0.6079424659745427,Medium Risk,899.8799999999999
CUST-02175,0.33997297194237075,Low Risk,716.76
CUST-04429,0.16600315511208946,Low Risk,703.8
CUST-01650,0.737170224528831,High Risk,674.4000000000001
CUST-01531,0.34729842071616707,Low Risk,555.84
CUST-02413,0.31242937107580454,Low Risk,799.8000000000001
CUST-03648,0.38850857378751547,Low Risk,516.24
CUST-04320,0.5990058600210273,Medium Risk,1311.24
CUST-03337,0.5437848269412164,Medium Risk,1407.6
CUST-00204,0.22054544047763117,Low Risk,909.36
CUST-01958,0.28418783503552997,Low Risk,573.84
CUST-04381,0.70293710583183,High Risk,639.24
CUST-04991,0.5486327487997631,Medium Risk,1238.6399999999999
CUST-00894,0.41710916358327443,Medium Risk,372.0
CUST-03418,0.40690427759696296,Medium Risk,940.6800000000001
CUST-03051,0.5455519294087897,Medium Risk,807.48
CUST-04006,0.760990962057708,High Risk,689.88
CUST-02042,0.3175261664328029,Low Risk,979.92
CUST-00742,0.20427260756208324,Low Risk,278.4
CUST-03036,0.6025172547943741,Medium Risk,682.92
CUST-04264,0.14462989375559213,Low Risk,823.1999999999999
CUST-01633,0.2872194339581651,Low Risk,764.04
CUST-04637,0.5348924560150946,Medium Risk,1066.8000000000002
CUST-04123,0.1528522314227949,Low Risk,1337.6399999999999
CUST-00757,0.5043270896102471,Medium Risk,1263.84
CUST-00627,0.4421970253123511,Medium Risk,621.0
CUST-02953,0.6097579711620217,Medium Risk,633.0
CUST-01886,0.7358996258376668,High Risk,1019.8799999999999
CUST-01933,0.504109077900387,Medium Risk,749.64
CUST-00756,0.37514923387387017,Low Risk,750.96
CUST-04262,0.32085628746484435,Low Risk,270.12
CUST-03857,0.5895215828451357,Medium Risk,1440.0
CUST-02199,0.3244561575429698,Low Risk,1265.16
CUST-02179,0.6537889789085437,Medium Risk,630.96
CUST-04311,0.2967173379447474,Low Risk,726.0
CUST-02735,0.3113660115930107,Low Risk,295.79999999999995
CUST-01634,0.17768373701037507,Low Risk,662.76
CUST-04016,0.23759099216540908,Low Risk,579.48
CUST-03121,0.651083782165553,Medium Risk,680.52
CUST-03917,0.2582735258949073,Low Risk,866.8799999999999
CUST-04086,0.5538806573008594,Medium Risk,489.59999999999997
CUST-02431,0.40481432833940967,Medium Risk,1148.6399999999999
CUST-01394,0.40262970149856464,Medium Risk,1097.04
CUST-00089,0.5987481789392551,Medium Risk,857.8799999999999
CUST-00661,0.30968478175501996,Low Risk,1186.08
CUST-04063,0.6980042833472623,Medium Risk,1281.3600000000001
CUST-00738,0.6118324565460065,Medium Risk,449.15999999999997
CUST-01598,0.5151306094013242,Medium Risk,1087.44
CUST-01904,0.45198341973531087,Medium Risk,861.5999999999999
CUST-03910,0.44294624411799977,Medium Risk,909.96
CUST-01043,0.360697062416552,Low Risk,440.88
CUST-03428,0.1753924060767947,Low Risk,597.96
CUST-00119,0.512066512858188,Medium Risk,793.1999999999999
CUST-01072,0.692501692731718,Medium Risk,405.36
CUST-03141,0.3386801622219404,Low Risk,1440.0
CUST-02028,0.7766820376898366,High Risk,734.64
CUST-01712,0.22346933091004814,Low Risk,478.32
CUST-04206,0.47351652833214775,Medium Risk,578.28
CUST-04341,0.6615898558345841,Medium Risk,557.52
CUST-03743,0.6353940197549262,Medium Risk,411.24
CUST-00347,0.6792953381057553,Medium Risk,617.16
CUST-01300,0.6507470478718799,Medium Risk,1095.96
CUST-00048,0.525303527859266,Medium Risk,673.08
CUST-02947,0.39537714177641126,Low Risk,520.2
CUST-01060,0.3375155155714186,Low Risk,890.64
CUST-01750,0.5728776062658849,Medium Risk,1281.6
CUST-01369,0.20698712004771827,Low Risk,335.28000000000003
CUST-01148,0.24638033148928382,Low Risk,1123.92
CUST-02273,0.5799285902538457,Medium Risk,849.1200000000001
CUST-00486,0.7166840337121518,High Risk,528.48
CUST-04864,0.5117798419860139,Medium Risk,647.16
CUST-03915,0.6104269051137718,Medium Risk,810.24
CUST-00606,0.22775709801229388,Low Risk,297.0
CUST-01624,0.5110704351932955,Medium Risk,1026.6
CUST-00236,0.4960577140913825,Medium Risk,598.8
CUST-01384,0.5155938838556252,Medium Risk,1054.44
CUST-01370,0.22001765926074437,Low Risk,1183.8000000000002
CUST-03745,0.7363634346563889,High Risk,1320.3600000000001
CUST-02147,0.6344491736170056,Medium Risk,587.04
CUST-02598,0.22964249664863418,Low Risk,651.5999999999999
CUST-04964,0.670199897855673,Medium Risk,875.8799999999999
CUST-01913,0.5030944553481784,Medium Risk,219.36
CUST-04881,0.4602763917403116,Medium Risk,531.24
CUST-02526,0.5699488204287009,Medium Risk,947.04
CUST-02833,0.30589301220356613,Low Risk,836.76
CUST-00260,0.5383738036310947,Medium Risk,1017.1200000000001
CUST-03493,0.11401881376760864,Low Risk,764.28
CUST-01238,0.051795827512153475,Low Risk,799.8000000000001
CUST-00934,0.8257006396263437,High Risk,1128.0
CUST-00949,0.16481132463471682,Low Risk,875.64
CUST-02021,0.31037377966713664,Low Risk,1219.08
CUST-02521,0.5458150897130467,Medium Risk,232.32
CUST-01133,0.4619232069979024,Medium Risk,398.64
CUST-03425,0.573423799485739,Medium Risk,880.1999999999999
CUST-00768,0.6390280060514152,Medium Risk,1220.16
CUST-03257,0.36410387666093236,Low Risk,821.4000000000001
CUST-00903,0.5384795698418846,Medium Risk,902.4000000000001
CUST-00330,0.6315776104986994,Medium Risk,811.8000000000001
CUST-02081,0.5220799261285834,Medium Risk,650.64
CUST-03592,0.4529841855637512,Medium Risk,685.5600000000001
CUST-04134,0.4166343295619773,Medium Risk,354.96
CUST-04734,0.559013785213788,Medium Risk,1036.68
CUST-02231,0.6152185940893428,Medium Risk,562.2
CUST-04931,0.6624318617804263,Medium Risk,880.3199999999999
CUST-03874,0.3981454493830867,Low Risk,875.4000000000001
CUST-04959,0.4548745696771739,Medium Risk,630.84
CUST-04514,0.5414219817334603,Medium Risk,735.5999999999999
CUST-00572,0.34535640301393256,Low Risk,381.71999999999997
CUST-03912,0.33315920285757095,Low Risk,799.8000000000001
CUST-04743,0.291107697255358,Low Risk,1286.4
CUST-01927,0.44245403245118753,Medium Risk,807.0
CUST-02552,0.38303804586981793,Low Risk,860.28
CUST-04428,0.5761979139185605,Medium Risk,495.72
CUST-04033,0.09670196853375297,Low Risk,778.08
CUST-03511,0.40635209296142466,Medium Risk,895.92
CUST-01616,0.18384445001236366,Low Risk,798.72
CUST-00777,0.5246919660511163,Medium Risk,675.96
CUST-04039,0.5539685975655285,Medium Risk,586.5600000000001
CUST-02110,0.47837421714609785,Medium Risk,468.84000000000003
CUST-02166,0.1276966328200889,Low Risk,958.56
CUST-01248,0.14695214763465367,Low Risk,782.04
CUST-02035,0.3153128181797657,Low Risk,1242.48
CUST-04271,0.3279428130158525,Low Risk,1440.0
CUST-00563,0.6468611611719354,Medium Risk,750.72
CUST-04445,0.2614176328694011,Low Risk,841.56
CUST-04332,0.6567062242851893,Medium Risk,825.5999999999999
CUST-03254,0.6723496344379501,Medium Risk,712.6800000000001
CUST-04166,0.5730590095966924,Medium Risk,919.3199999999999
CUST-02464,0.5579570154076698,Medium Risk,364.79999999999995
CUST-00059,0.7374094056924386,High Risk,1008.36
CUST-00115,0.20838494056111925,Low Risk,1017.24
CUST-00277,0.4876081856481405,Medium Risk,1113.72
CUST-01187,0.6425751350598463,Medium Risk,1357.92
CUST-01535,0.6239346473701094,Medium Risk,406.08000000000004
CUST-02394,0.35260011231101224,Low Risk,1019.64
CUST-01277,0.12024865674289027,Low Risk,352.08
CUST-00230,0.26949330330369786,Low Risk,368.76
CUST-02875,0.6797846495791887,Medium Risk,888.5999999999999
CUST-02759,0.722769451840709,High Risk,874.6800000000001
CUST-02051,0.633328242212936,Medium Risk,786.1200000000001
CUST-03836,0.19284060264821126,Low Risk,844.92
CUST-01071,0.6397109090273616,Medium Risk,724.2
CUST-03299,0.2023714260148078,Low Risk,707.76
CUST-02743,0.6139507244388149,Medium Risk,216.0
CUST-03140,0.6944278516119616,Medium Risk,785.4000000000001
CUST-01372,0.09139490040017684,Low Risk,1015.8000000000001
CUST-02924,0.46239328186509643,Medium Risk,1128.84
CUST-00567,0.46675573195609116,Medium Risk,547.4399999999999
CUST-02957,0.14262713417927156,Low Risk,932.04
CUST-02318,0.5974341920522722,Medium Risk,384.24
CUST-04545,0.4342818923799091,Medium Risk,826.44
CUST-03052,0.2784344848154939,Low Risk,748.2
CUST-00036,0.5282416077292471,Medium Risk,966.96
CUST-03998,0.7204409081183784,High Risk,1304.8799999999999
CUST-04877,0.5170025232706539,Medium Risk,960.48
CUST-02510,0.4296139769113986,Medium Risk,735.72
CUST-03286,0.6520417846446526,Medium Risk,684.0
CUST-03643,0.583522362199316,Medium Risk,516.12
CUST-04263,0.34939776015480994,Low Risk,237.84
CUST-04302,0.3057123116007289,Low Risk,1210.56
CUST-03417,0.38958075635316725,Low Risk,966.96
CUST-03376,0.3769786717751986,Low Risk,393.0
CUST-00960,0.7256498410635059,High Risk,839.4000000000001
CUST-00806,0.15354938832845835,Low Risk,736.2
CUST-03101,0.21168155772363945,Low Risk,961.1999999999999
CUST-01485,0.7985658291715476,High Risk,1052.4
CUST-00248,0.17009948487185123,Low Risk,466.56000000000006
CUST-01603,0.29820157359643784,Low Risk,771.96
CUST-00141,0.6504669244100316,Medium Risk,1243.1999999999998
CUST-03144,0.35389273446069536,Low Risk,911.4000000000001
CUST-04672,0.38421504871779116,Low Risk,940.92
CUST-01639,0.32484260396943593,Low Risk,1175.28
CUST-04459,0.4606276139761955,Medium Risk,438.72
CUST-00603,0.36647786092778883,Low Risk,698.04
CUST-04238,0.6392417685649857,Medium Risk,1107.3600000000001
CUST-02834,0.7094824665933843,High Risk,966.24
CUST-01290,0.6675263859620852,Medium Risk,1303.32
CUST-01199,0.7027521626063624,High Risk,1098.48
CUST-01978,0.18391989101858777,Low Risk,1003.92
CUST-04319,0.5468064687824264,Medium Risk,698.88
CUST-02440,0.42705657137155206,Medium Risk,946.56
CUST-00591,0.4406359723952425,Medium Risk,831.96
CUST-02479,0.5029983694414772,Medium Risk,571.2
CUST-04467,0.4077993205117831,Medium Risk,1089.48
CUST-04290,0.6057693371841657,Medium Risk,1034.04
CUST-01858,0.12426316686266475,Low Risk,988.8000000000001
CUST-03931,0.7671437843838229,High Risk,1076.04
CUST-03635,0.2600266674867247,Low Risk,1012.8000000000001
CUST-02633,0.24322973483509192,Low Risk,587.88
CUST-02285,0.5806621597779285,Medium Risk,639.0
CUST-01613,0.6548368560698179,Medium Risk,650.28
CUST-03388,0.5111105620670804,Medium Risk,889.3199999999999
CUST-01728,0.16136822144172241,Low Risk,328.20000000000005
CUST-02663,0.41252299450224805,Medium Risk,216.0
CUST-02695,0.35739589322583437,Low Risk,826.08
CUST-04113,0.5415947731955423,Medium Risk,413.88
CUST-02677,0.34522571442393524,Low Risk,995.4000000000001
CUST-00083,0.7211999963412057,High Risk,764.04
CUST-04064,0.218537023889206,Low Risk,1088.16
CUST-03920,0.23933843977983255,Low Risk,1224.72
CUST-02123,0.26087980770680363,Low Risk,950.64
CUST-03495,0.5370871515088328,Medium Risk,884.1600000000001
CUST-03408,0.8198913917824422,High Risk,1037.04
CUST-04198,0.334366437420325,Low Risk,535.3199999999999
CUST-02548,0.3650468607972177,Low Risk,1005.48
CUST-02699,0.5896517832259593,Medium Risk,1180.44
CUST-04301,0.2091924590327286,Low Risk,1122.48
CUST-00736,0.4390768771461222,Medium Risk,654.84
CUST-00344,0.3561484646972338,Low Risk,1440.0
CUST-03242,0.6039654938398477,Medium Risk,669.48
CUST-01620,0.5649858421338622,Medium Risk,990.36
CUST-02437,0.7617307768438619,High Risk,1052.52
CUST-01686,0.23160919505015495,Low Risk,258.96
CUST-00228,0.22335119015700358,Low Risk,729.48
CUST-02475,0.2700888775649595,Low Risk,552.96
CUST-01174,0.4485829291990715,Medium Risk,783.48
CUST-03968,0.4012381563264376,Medium Risk,688.8
CUST-02168,0.5244518880955716,Medium Risk,690.5999999999999
CUST-02882,0.7049826256569005,High Risk,1042.32
CUST-01324,0.28748231136649155,Low Risk,1017.5999999999999
CUST-00932,0.16692561459186667,Low Risk,956.04
CUST-02237,0.2611413766332456,Low Risk,556.5600000000001
CUST-02148,0.649490414512274,Medium Risk,858.48
CUST-01459,0.4373566286393815,Medium Risk,803.1600000000001
CUST-01067,0.6595932789655463,Medium Risk,548.76
CUST-01138,0.3805643412388615,Low Risk,342.96
CUST-04473,0.6493949713547931,Medium Risk,991.92
CUST-02462,0.163487588806599,Low Risk,721.8
CUST-02951,0.47754940553697023,Medium Risk,470.15999999999997
CUST-01420,0.4154748302869371,Medium Risk,1440.0
CUST-04665,0.2870278097847997,Low Risk,1038.0
CUST-02970,0.3462422351926168,Low Risk,1080.6
CUST-02080,0.6819235005729322,Medium Risk,740.64
CUST-00784,0.6883642992535414,Medium Risk,845.52
CUST-04939,0.37542778933488086,Low Risk,837.96
CUST-00704,0.4038294203233524,Medium Risk,780.1200000000001
CUST-03153,0.33985635732678987,Low Risk,940.6800000000001
CUST-02040,0.3170116472448449,Low Risk,995.52
CUST-04317,0.7549077417212315,High Risk,698.76
CUST-01833,0.16841884847855243,Low Risk,840.1200000000001
CUST-03382,0.5935859881234961,Medium Risk,1440.0
CUST-04725,0.300818474765273,Low Risk,495.0
CUST-03721,0.2978600205179737,Low Risk,777.24
CUST-03619,0.7207739893464301,High Risk,921.1200000000001
CUST-01500,0.5441984222274527,Medium Risk,216.0
CUST-03659,0.1508158428598576,Low Risk,696.36
CUST-01551,0.5225321731389706,Medium Risk,634.08
CUST-00849,0.5867452061264745,Medium Risk,886.92
CUST-02188,0.35648146930367447,Low Risk,677.64
CUST-01526,0.8444783467448878,High Risk,1052.76
CUST-03918,0.4602110532883317,Medium Risk,512.28
CUST-00984,0.5783871950646022,Medium Risk,1208.8799999999999
CUST-02186,0.20982020155410183,Low Risk,407.04
CUST-03826,0.5284755238692036,Medium Risk,931.3199999999999
CUST-03561,0.18705656929103606,Low Risk,1018.56
CUST-04082,0.4422917376420154,Medium Risk,1136.28
CUST-01791,0.33603519462850284,Low Risk,413.28
CUST-02985,0.25500672686483594,Low Risk,985.08
CUST-00409,0.7166098989899842,High Risk,614.52
CUST-02252,0.47371624199419204,Medium Risk,612.36
CUST-03424,0.4663849028272218,Medium Risk,887.28
CUST-03623,0.07057639062702557,Low Risk,1108.44
CUST-04115,0.738050936409975,High Risk,1100.6399999999999
CUST-02844,0.22836147278921567,Low Risk,905.4000000000001
CUST-03473,0.4664835529503054,Medium Risk,831.0
CUST-02115,0.4360821845052161,Medium Risk,510.36
CUST-03132,0.18539128774540545,Low Risk,588.5999999999999
CUST-04282,0.45731005281401205,Medium Risk,602.88
CUST-01663,0.44541912441281994,Medium Risk,600.96
CUST-03074,0.15269739107983407,Low Risk,615.48
CUST-00175,0.42992400993957225,Medium Risk,216.36
CUST-01772,0.1566257147392004,Low Risk,1190.04
CUST-02432,0.20374211908922898,Low Risk,1085.16
CUST-02596,0.5879371810390899,Medium Risk,701.52
CUST-01139,0.1413407666637177,Low Risk,592.5600000000001
CUST-04522,0.13362963075563003,Low Risk,782.1600000000001
CUST-02250,0.2731978732137373,Low Risk,649.92
CUST-04622,0.7923009361771085,High Risk,789.5999999999999
CUST-03138,0.5236454931275135,Medium Risk,809.52
CUST-03837,0.439707355192931,Medium Risk,814.92
CUST-04766,0.269473210484659,Low Risk,1065.3600000000001
CUST-01006,0.4577130336565038,Medium Risk,731.64
CUST-01735,0.2763030099320612,Low Risk,831.1200000000001
CUST-02034,0.5468625296280588,Medium Risk,1164.1200000000001
CUST-04897,0.6527863255374818,Medium Risk,1116.84
CUST-00027,0.46827991177846656,Medium Risk,911.1600000000001
CUST-00778,0.23757599723161793,Low Risk,1037.52
CUST-00947,0.25417223112923737,Low Risk,996.96
CUST-04805,0.3422247553970241,Low Risk,863.4000000000001
CUST-04477,0.25111321606554443,Low Risk,684.24
CUST-04330,0.5070246743292062,Medium Risk,577.2
CUST-02858,0.6705454336244184,Medium Risk,555.84
CUST-02397,0.48191663859217915,Medium Risk,945.36
CUST-03434,0.24955073409589063,Low Risk,561.96
CUST-01367,0.17702347175441951,Low Risk,244.32
CUST-02391,0.6772007554433505,Medium Risk,671.52
CUST-04230,0.4880765901867239,Medium Risk,786.0
CUST-04987,0.5239205735258239,Medium Risk,479.40000000000003
CUST-02371,0.28179867786971563,Low Risk,647.64
CUST-01478,0.360930194740915,Low Risk,221.16
CUST-03168,0.3988612708706658,Low Risk,688.8
CUST-03486,0.6219317913428489,Medium Risk,1217.16
CUST-04273,0.6326125125400808,Medium Risk,938.52
CUST-03480,0.6250881612823397,Medium Risk,801.72
CUST-03907,0.6915338516286766,Medium Risk,789.1200000000001
CUST-03605,0.7477030853085356,High Risk,955.92
CUST-04376,0.40050880911661185,Medium Risk,538.92
CUST-02647,0.6353468475002438,Medium Risk,730.6800000000001
CUST-04571,0.39669968146898277,Low Risk,1070.28
CUST-00868,0.1102580971491493,Low Risk,575.04
CUST-00283,0.3395734003827354,Low Risk,681.84
CUST-04926,0.5149616670828084,Medium Risk,594.84
CUST-01662,0.2923076379878452,Low Risk,859.92
CUST-00352,0.5391842012102869,Medium Risk,323.76
CUST-02000,0.6881999707927113,Medium Risk,1125.96
CUST-00522,0.15647917129982547,Low Risk,582.96
CUST-04768,0.20548381917644667,Low Risk,662.88
CUST-03478,0.5322371910645384,Medium Risk,948.8399999999999
CUST-01169,0.7497880678192087,High Risk,616.6800000000001
CUST-00566,0.3440755846281759,Low Risk,1180.68
CUST-03733,0.5514628736172424,Medium Risk,734.64
CUST-04295,0.2540514350401058,Low Risk,416.52
CUST-03505,0.23563779792720524,Low Risk,537.84
CUST-04692,0.6687518086507095,Medium Risk,736.6800000000001
CUST-01219,0.7548662658070796,High Risk,1238.4
CUST-01181,0.6010566214807298,Medium Risk,675.0
CUST-04609,0.6208420950045056,Medium Risk,834.1200000000001
CUST-01085,0.5971396868628049,Medium Risk,567.96
CUST-03503,0.49613244388243705,Medium Risk,1015.08
CUST-03740,0.19490843738328262,Low Risk,525.24
CUST-01532,0.17468347972700435,Low Risk,327.71999999999997
CUST-00363,0.4520046829895612,Medium Risk,507.59999999999997
CUST-00582,0.16525667130715047,Low Risk,529.08
CUST-03827,0.6185421519222463,Medium Risk,895.8000000000001
CUST-03819,0.6702018553867006,Medium Risk,792.96
CUST-00218,0.4987455316439827,Medium Risk,1281.3600000000001
CUST-01361,0.7520968271366449,High Risk,1133.8799999999999
CUST-04721,0.6512784597333522,Medium Risk,497.15999999999997
CUST-01099,0.3319950734577158,Low Risk,768.48
CUST-03989,0.16091192207591076,Low Risk,967.56
CUST-04155,0.714889275551289,High Risk,654.96
CUST-01816,0.48194434528239677,Medium Risk,326.04
CUST-04182,0.4745182916587505,Medium Risk,681.5999999999999
CUST-04813,0.49574920813942525,Medium Risk,944.8799999999999
CUST-01435,0.6035035402788104,Medium Risk,755.16
CUST-02411,0.6475609588779475,Medium Risk,698.64
CUST-02979,0.14521559636760886,Low Risk,581.52
CUST-02002,0.10434953753323649,Low Risk,848.8799999999999
CUST-03198,0.6649219002849478,Medium Risk,930.1200000000001
CUST-03283,0.21235698469100864,Low Risk,681.24
CUST-02412,0.7056885679337191,High Risk,1078.1999999999998
CUST-04795,0.46540982160811933,Medium Risk,842.04
CUST-04185,0.368045232345742,Low Risk,1009.3199999999999
CUST-03590,0.12273885187195549,Low Risk,529.92
CUST-00957,0.6521062142299866,Medium Risk,575.76
CUST-01015,0.12255229037838035,Low Risk,429.84000000000003
CUST-02330,0.7267382485553149,High Risk,1362.0
CUST-00574,0.2624601763407113,Low Risk,1007.1600000000001
CUST-03536,0.6842518703048929,Medium Risk,609.36
CUST-01373,0.32992903773807164,Low Risk,956.64
CUST-01258,0.32929332187557375,Low Risk,742.4399999999999
CUST-00360,0.4798250267089694,Medium Risk,902.76
CUST-01079,0.21932828444911778,Low Risk,249.12
CUST-01655,0.2707159113852563,Low Risk,592.5600000000001
CUST-01717,0.5367972355555974,Medium Risk,1113.3600000000001
CUST-01251,0.5482610269547331,Medium Risk,1336.44
CUST-04550,0.29255426254314576,Low Risk,1270.44
CUST-03767,0.5132403598772648,Medium Risk,1168.1999999999998
CUST-04749,0.1257211777120449,Low Risk,840.0
CUST-01114,0.5855270589744573,Medium Risk,808.08
CUST-00923,0.42486069728571574,Medium Risk,651.5999999999999
CUST-00327,0.5824949325846127,Medium Risk,442.79999999999995
CUST-04492,0.6316926472144684,Medium Risk,495.12
CUST-03673,0.7626924138520282,High Risk,733.3199999999999
CUST-01879,0.5471223976204705,Medium Risk,1125.72
CUST-04299,0.4912946902824649,Medium Risk,785.1600000000001
CUST-03165,0.7315124756896559,High Risk,1053.96
CUST-03290,0.3259848669656542,Low Risk,674.76
CUST-02751,0.44058198129053117,Medium Risk,855.1200000000001
CUST-04359,0.45904543958838134,Medium Risk,627.96
CUST-03986,0.669080185239672,Medium Risk,621.0
CUST-01102,0.20555778651673356,Low Risk,336.36
CUST-04853,0.6318540795743266,Medium Risk,781.56
CUST-03657,0.563242112972793,Medium Risk,634.4399999999999
CUST-03229,0.6278492041412919,Medium Risk,408.96
CUST-00655,0.5798561942911754,Medium Risk,739.8
CUST-02779,0.6469684382789737,Medium Risk,1409.8799999999999
CUST-03523,0.6528900746295077,Medium Risk,286.32
CUST-04344,0.42638101338896056,Medium Risk,450.72
CUST-03065,0.6312818387606935,Medium Risk,241.20000000000002
CUST-04677,0.16887737171276151,Low Risk,497.76
CUST-04586,0.6074094798498736,Medium Risk,1410.24
CUST-01658,0.6462970154596627,Medium Risk,581.64
CUST-02963,0.18079157859641057,Low Risk,787.6800000000001
CUST-03059,0.16233703969595342,Low Risk,1161.48
CUST-04641,0.5264394414669936,Medium Risk,320.28000000000003
CUST-04885,0.1911803901049663,Low Risk,737.28
CUST-00379,0.6573791302064502,Medium Risk,1007.64
CUST-04549,0.12756213108004197,Low Risk,714.0
CUST-01172,0.5165169413946635,Medium Risk,1242.84
CUST-03751,0.19084072723759196,Low Risk,861.24
CUST-04484,0.3924425235197609,Low Risk,834.48
CUST-00750,0.8214895031482211,High Risk,1247.76
CUST-03103,0.5911202300973447,Medium Risk,806.64
CUST-00942,0.5070297307461342,Medium Risk,706.92
CUST-03877,0.22099945692131082,Low Risk,801.96
CUST-01007,0.20005280491489452,Low Risk,1191.72
CUST-03353,0.5100442790968064,Medium Risk,1169.8799999999999
CUST-04375,0.5351484932683674,Medium Risk,916.8000000000001
CUST-03497,0.3825807638247975,Low Risk,916.1999999999999
CUST-02167,0.5561901803807408,Medium Risk,358.20000000000005
CUST-00562,0.7402318325675602,High Risk,616.08
CUST-00687,0.43221280353315855,Medium Risk,1031.4
CUST-02602,0.37763753517333776,Low Risk,551.28
CUST-01443,0.586617457817363,Medium Risk,790.1999999999999
CUST-02146,0.470570782591789,Medium Risk,824.4000000000001
CUST-00062,0.43287382299544835,Medium Risk,725.76
CUST-03919,0.4735636434414122,Medium Risk,1061.28
CUST-00046,0.6800611657909953,Medium Risk,902.52
CUST-02613,0.44293518465045767,Medium Risk,439.32
CUST-02501,0.18207018066823538,Low Risk,216.0
CUST-00090,0.7142246412800085,High Risk,1012.1999999999999
CUST-03496,0.14652047579535923,Low Risk,1440.0
CUST-04737,0.6786937376988682,Medium Risk,597.0
CUST-03325,0.15590313801534608,Low Risk,749.28
CUST-00549,0.4966282449984201,Medium Risk,798.48
CUST-02714,0.8124944011401645,High Risk,877.92
CUST-03552,0.4568964869424611,Medium Risk,980.52
CUST-03363,0.6535017168430539,Medium Risk,779.1600000000001
CUST-02950,0.230450968446834,Low Risk,1143.48
CUST-04080,0.518428658133137,Medium Risk,1189.56
CUST-00198,0.3103352789227371,Low Risk,1069.8000000000002
CUST-03227,0.7005828323776119,High Risk,712.5600000000001
CUST-02911,0.6299843537292396,Medium Risk,538.8
CUST-01050,0.3028727103792363,Low Risk,216.0
CUST-03047,0.639090771333194,Medium Risk,1075.32
CUST-01575,0.553745997576435,Medium Risk,486.72
CUST-00675,0.15311684673360376,Low Risk,474.59999999999997
CUST-00986,0.33680570346297184,Low Risk,831.1200000000001
CUST-02508,0.17462124393906028,Low Risk,499.43999999999994
CUST-02941,0.433309489712497,Medium Risk,1375.56
CUST-01389,0.5553928136292149,Medium Risk,935.1600000000001
CUST-01365,0.37179434977898995,Low Risk,549.48
CUST-02923,0.5934576948525977,Medium Risk,466.56000000000006
CUST-04074,0.5191717850135329,Medium Risk,948.0
CUST-00052,0.15201168902126327,Low Risk,869.76
