customer_id,churn_probability,annual_revenue,contract,tenure_months,num_support_calls,tech_support
CUST-04195,0.7395428600371043,1440.0,Month-to-month,4,2,Yes
CUST-02799,0.8388560616835445,1440.0,Month-to-month,5,2,No
CUST-02330,0.7267382485553149,1362.0,Month-to-month,7,2,No
CUST-02400,0.7184648552722339,1321.32,Month-to-month,9,3,No
CUST-03745,0.7363634346563889,1320.3600000000001,Month-to-month,5,1,No
CUST-02018,0.8014906084631456,1314.6,Month-to-month,0,3,Yes
CUST-02640,0.710379825380885,1312.56,Month-to-month,8,1,Yes
CUST-03998,0.7204409081183784,1304.8799999999999,Month-to-month,18,2,No
CUST-01216,0.8067968464972968,1301.4,Month-to-month,2,1,No
CUST-02385,0.7057223520947264,1292.8799999999999,Month-to-month,20,3,No
CUST-04236,0.7169814679747727,1285.56,Month-to-month,1,1,No
CUST-00000,0.7697833246647164,1284.24,Month-to-month,11,1,No
CUST-01812,0.7803551413483638,1283.4,Month-to-month,7,0,No
CUST-01561,0.7319720074732148,1283.28,Month-to-month,6,1,No
CUST-00750,0.8214895031482211,1247.76,Month-to-month,2,1,No
CUST-01219,0.7548662658070796,1238.4,Month-to-month,7,0,No
CUST-01972,0.7670103686454263,1224.96,Month-to-month,7,1,Yes
CUST-01076,0.7242205209380921,1224.0,Month-to-month,11,1,No
CUST-00604,0.8111718503330639,1184.76,Month-to-month,3,2,No
CUST-02692,0.7616114171464698,1180.56,Month-to-month,0,1,No
CUST-04259,0.726037620963702,1164.3600000000001,Month-to-month,12,1,No
CUST-04276,0.7266917307896985,1160.16,Month-to-month,12,1,No
CUST-02857,0.748221831544432,1146.1200000000001,Month-to-month,0,1,Yes
CUST-04097,0.717834283662376,1136.4,Month-to-month,2,0,No
CUST-01361,0.7520968271366449,1133.8799999999999,Month-to-month,5,1,Yes
